{
  "p": 1,
  "q": 1,
  "rescale": false,
  "mu": -5.013749847798971e-05,
  "omega": 3.139510946556315e-06,
  "alpha[1]": 0.2000000246271536,
  "beta[1]": 0.700000045412254
}